run_id,label,shape,split,n_calls,max_adjacent_run,exact_dup,exact_dup_first,adjacent,adjacent_first,near_dup,near_dup_first,cycle,cycle_first,distinct_ratio,distinct_ratio_first,cross_turn,cross_turn_first,combined_raw,combined_raw_first,state_aware,state_aware_first,baseline_any,baseline_miss_caught_by_new
flood-rot35-1g-0,flood,rotating35_one_gen,dev,4120,1,True,36,False,,False,,True,104,True,95,False,,True,95,True,95,True,False
flood-rot35-mg-0,flood,rotating35_multi_gen,dev,400,1,False,,False,,False,,True,104,True,95,False,,True,95,True,95,False,True
flood-startdone-0,flood,start_done_alternation,dev,300,1,True,71,False,,False,,True,209,False,,False,,True,209,True,209,True,False
flood-abc-1g-0,flood,abc_cycle_one_gen,dev,60,1,True,4,False,,True,21,True,8,False,,False,,True,8,True,8,True,False
flood-abc-mg-0,flood,abc_cycle_multi_gen,dev,36,1,False,,False,,True,21,True,8,False,,True,8,True,8,True,8,False,True
flood-neardup-0,flood,near_dup_counter,dev,60,1,False,,False,,True,7,True,7,False,,False,,True,7,True,7,False,True
flood-xturn-0,flood,cross_turn_identical_batches,dev,72,1,False,,False,,False,,True,35,False,,True,35,True,35,True,35,False,True
flood-cancelretry-0,flood,cancel_retry_2509,dev,170,1,False,,False,,False,,True,50,True,95,True,50,True,50,True,50,False,True
legit-pagination-0,legitimate,pagination_cursor,dev,34,1,False,,False,,False,,False,,False,,False,,False,,False,,False,False
legit-retries-0,legitimate,retries_changing_args,dev,9,1,False,,False,,False,,False,,False,,False,,False,,False,,False,False
legit-fanout-0,legitimate,parallel_fanout,dev,32,1,False,,False,,False,,False,,False,,False,,False,,False,,False,False
legit-polling-0,legitimate,polling_state_changes,dev,14,14,False,,True,2,True,7,True,7,False,,False,,True,7,False,,True,False
legit-altrw-0,legitimate,alternating_read_write,dev,28,1,False,,False,,True,14,False,,False,,False,,True,14,False,,False,True
legit-identread-0,legitimate,identical_calls_state_changed,dev,22,1,False,,False,,True,14,False,,False,,False,,True,14,False,,False,True
legit-batchpoll-0,legitimate,batched_polling_state_changes,dev,16,16,True,2,True,2,True,7,True,7,False,,False,,True,7,False,,True,False
flood-rot35-1g-1,flood,rotating35_one_gen,dev,4120,1,True,36,False,,False,,True,104,True,95,False,,True,95,True,95,True,False
flood-rot35-mg-1,flood,rotating35_multi_gen,dev,400,1,False,,False,,False,,True,104,True,95,False,,True,95,True,95,False,True
flood-startdone-1,flood,start_done_alternation,dev,300,1,True,71,False,,False,,True,209,False,,False,,True,209,True,209,True,False
flood-abc-1g-1,flood,abc_cycle_one_gen,dev,60,1,True,4,False,,True,21,True,8,False,,False,,True,8,True,8,True,False
flood-abc-mg-1,flood,abc_cycle_multi_gen,dev,36,1,False,,False,,True,21,True,8,False,,True,8,True,8,True,8,False,True
flood-neardup-1,flood,near_dup_counter,dev,60,1,False,,False,,True,7,True,7,False,,False,,True,7,True,7,False,True
flood-xturn-1,flood,cross_turn_identical_batches,dev,72,1,False,,False,,False,,True,35,False,,True,35,True,35,True,35,False,True
flood-cancelretry-1,flood,cancel_retry_2509,dev,170,1,False,,False,,False,,True,50,True,95,True,50,True,50,True,50,False,True
legit-pagination-1,legitimate,pagination_cursor,dev,28,1,False,,False,,False,,False,,False,,False,,False,,False,,False,False
legit-retries-1,legitimate,retries_changing_args,dev,7,1,False,,False,,False,,False,,False,,False,,False,,False,,False,False
legit-fanout-1,legitimate,parallel_fanout,dev,24,1,False,,False,,False,,False,,False,,False,,False,,False,,False,False
legit-polling-1,legitimate,polling_state_changes,dev,10,10,False,,True,2,True,7,True,7,False,,False,,True,7,False,,True,False
legit-altrw-1,legitimate,alternating_read_write,dev,18,1,False,,False,,True,14,False,,False,,False,,True,14,False,,False,True
legit-identread-1,legitimate,identical_calls_state_changed,dev,18,1,False,,False,,True,14,False,,False,,False,,True,14,False,,False,True
legit-batchpoll-1,legitimate,batched_polling_state_changes,dev,11,11,True,2,True,2,True,7,True,7,False,,False,,True,7,False,,True,False
flood-rot35-1g-2,flood,rotating35_one_gen,dev,4120,1,True,36,False,,False,,True,104,True,95,False,,True,95,True,95,True,False
flood-rot35-mg-2,flood,rotating35_multi_gen,dev,400,1,False,,False,,False,,True,104,True,95,False,,True,95,True,95,False,True
flood-startdone-2,flood,start_done_alternation,dev,300,1,True,71,False,,False,,True,209,False,,False,,True,209,True,209,True,False
flood-abc-1g-2,flood,abc_cycle_one_gen,dev,60,1,True,4,False,,True,21,True,8,False,,False,,True,8,True,8,True,False
flood-abc-mg-2,flood,abc_cycle_multi_gen,dev,36,1,False,,False,,True,21,True,8,False,,True,8,True,8,True,8,False,True
flood-neardup-2,flood,near_dup_counter,dev,60,1,False,,False,,True,7,True,7,False,,False,,True,7,True,7,False,True
flood-xturn-2,flood,cross_turn_identical_batches,dev,72,1,False,,False,,False,,True,35,False,,True,35,True,35,True,35,False,True
flood-cancelretry-2,flood,cancel_retry_2509,dev,170,1,False,,False,,False,,True,50,True,95,True,50,True,50,True,50,False,True
legit-pagination-2,legitimate,pagination_cursor,dev,26,1,False,,False,,False,,False,,False,,False,,False,,False,,False,False
legit-retries-2,legitimate,retries_changing_args,dev,6,1,False,,False,,False,,False,,False,,False,,False,,False,,False,False
legit-fanout-2,legitimate,parallel_fanout,dev,21,1,False,,False,,False,,False,,False,,False,,False,,False,,False,False
legit-polling-2,legitimate,polling_state_changes,dev,8,8,False,,True,2,True,7,True,7,False,,False,,True,7,False,,True,False
legit-altrw-2,legitimate,alternating_read_write,dev,28,1,False,,False,,True,14,False,,False,,False,,True,14,False,,False,True
legit-identread-2,legitimate,identical_calls_state_changed,dev,16,1,False,,False,,True,14,False,,False,,False,,True,14,False,,False,True
legit-batchpoll-2,legitimate,batched_polling_state_changes,dev,16,16,True,2,True,2,True,7,True,7,False,,False,,True,7,False,,True,False
flood-rot35-1g-3,flood,rotating35_one_gen,dev,4120,1,True,36,False,,False,,True,104,True,95,False,,True,95,True,95,True,False
flood-rot35-mg-3,flood,rotating35_multi_gen,dev,400,1,False,,False,,False,,True,104,True,95,False,,True,95,True,95,False,True
flood-startdone-3,flood,start_done_alternation,dev,300,1,True,71,False,,False,,True,209,False,,False,,True,209,True,209,True,False
flood-abc-1g-3,flood,abc_cycle_one_gen,dev,60,1,True,4,False,,True,21,True,8,False,,False,,True,8,True,8,True,False
flood-abc-mg-3,flood,abc_cycle_multi_gen,dev,36,1,False,,False,,True,21,True,8,False,,True,8,True,8,True,8,False,True
flood-neardup-3,flood,near_dup_counter,dev,60,1,False,,False,,True,7,True,7,False,,False,,True,7,True,7,False,True
flood-xturn-3,flood,cross_turn_identical_batches,dev,72,1,False,,False,,False,,True,35,False,,True,35,True,35,True,35,False,True
flood-cancelretry-3,flood,cancel_retry_2509,dev,170,1,False,,False,,False,,True,50,True,95,True,50,True,50,True,50,False,True
legit-pagination-3,legitimate,pagination_cursor,dev,30,1,False,,False,,False,,False,,False,,False,,False,,False,,False,False
legit-retries-3,legitimate,retries_changing_args,dev,7,1,False,,False,,False,,False,,False,,False,,False,,False,,False,False
legit-fanout-3,legitimate,parallel_fanout,dev,27,1,False,,False,,False,,False,,False,,False,,False,,False,,False,False
legit-polling-3,legitimate,polling_state_changes,dev,11,11,False,,True,2,True,7,True,7,False,,False,,True,7,False,,True,False
legit-altrw-3,legitimate,alternating_read_write,dev,18,1,False,,False,,True,14,False,,False,,False,,True,14,False,,False,True
legit-identread-3,legitimate,identical_calls_state_changed,dev,18,1,False,,False,,True,14,False,,False,,False,,True,14,False,,False,True
legit-batchpoll-3,legitimate,batched_polling_state_changes,dev,11,11,True,2,True,2,True,7,True,7,False,,False,,True,7,False,,True,False
flood-rot35-1g-4,flood,rotating35_one_gen,dev,4120,1,True,36,False,,False,,True,104,True,95,False,,True,95,True,95,True,False
flood-rot35-mg-4,flood,rotating35_multi_gen,dev,400,1,False,,False,,False,,True,104,True,95,False,,True,95,True,95,False,True
flood-startdone-4,flood,start_done_alternation,dev,300,1,True,71,False,,False,,True,209,False,,False,,True,209,True,209,True,False
flood-abc-1g-4,flood,abc_cycle_one_gen,dev,60,1,True,4,False,,True,21,True,8,False,,False,,True,8,True,8,True,False
flood-abc-mg-4,flood,abc_cycle_multi_gen,dev,36,1,False,,False,,True,21,True,8,False,,True,8,True,8,True,8,False,True
flood-neardup-4,flood,near_dup_counter,dev,60,1,False,,False,,True,7,True,7,False,,False,,True,7,True,7,False,True
flood-xturn-4,flood,cross_turn_identical_batches,dev,72,1,False,,False,,False,,True,35,False,,True,35,True,35,True,35,False,True
flood-cancelretry-4,flood,cancel_retry_2509,dev,170,1,False,,False,,False,,True,50,True,95,True,50,True,50,True,50,False,True
legit-pagination-4,legitimate,pagination_cursor,dev,30,1,False,,False,,False,,False,,False,,False,,False,,False,,False,False
legit-retries-4,legitimate,retries_changing_args,dev,7,1,False,,False,,False,,False,,False,,False,,False,,False,,False,False
legit-fanout-4,legitimate,parallel_fanout,dev,27,1,False,,False,,False,,False,,False,,False,,False,,False,,False,False
legit-polling-4,legitimate,polling_state_changes,dev,11,11,False,,True,2,True,7,True,7,False,,False,,True,7,False,,True,False
legit-altrw-4,legitimate,alternating_read_write,dev,18,1,False,,False,,True,14,False,,False,,False,,True,14,False,,False,True
legit-identread-4,legitimate,identical_calls_state_changed,dev,18,1,False,,False,,True,14,False,,False,,False,,True,14,False,,False,True
legit-batchpoll-4,legitimate,batched_polling_state_changes,dev,11,11,True,2,True,2,True,7,True,7,False,,False,,True,7,False,,True,False
flood-rot35-1g-5,flood,rotating35_one_gen,dev,4120,1,True,36,False,,False,,True,104,True,95,False,,True,95,True,95,True,False
flood-rot35-mg-5,flood,rotating35_multi_gen,dev,400,1,False,,False,,False,,True,104,True,95,False,,True,95,True,95,False,True
flood-startdone-5,flood,start_done_alternation,dev,300,1,True,71,False,,False,,True,209,False,,False,,True,209,True,209,True,False
flood-abc-1g-5,flood,abc_cycle_one_gen,dev,60,1,True,4,False,,True,21,True,8,False,,False,,True,8,True,8,True,False
flood-abc-mg-5,flood,abc_cycle_multi_gen,dev,36,1,False,,False,,True,21,True,8,False,,True,8,True,8,True,8,False,True
flood-neardup-5,flood,near_dup_counter,dev,60,1,False,,False,,True,7,True,7,False,,False,,True,7,True,7,False,True
flood-xturn-5,flood,cross_turn_identical_batches,dev,72,1,False,,False,,False,,True,35,False,,True,35,True,35,True,35,False,True
flood-cancelretry-5,flood,cancel_retry_2509,dev,170,1,False,,False,,False,,True,50,True,95,True,50,True,50,True,50,False,True
legit-pagination-5,legitimate,pagination_cursor,dev,40,1,False,,False,,False,,False,,False,,False,,False,,False,,False,False
legit-retries-5,legitimate,retries_changing_args,dev,10,1,False,,False,,False,,False,,False,,False,,False,,False,,False,False
legit-fanout-5,legitimate,parallel_fanout,dev,39,1,False,,False,,False,,False,,False,,False,,False,,False,,False,False
legit-polling-5,legitimate,polling_state_changes,dev,12,12,False,,True,2,True,7,True,7,False,,False,,True,7,False,,True,False
legit-altrw-5,legitimate,alternating_read_write,dev,24,1,False,,False,,True,14,False,,False,,False,,True,14,False,,False,True
legit-identread-5,legitimate,identical_calls_state_changed,dev,24,1,False,,False,,True,14,False,,False,,False,,True,14,False,,False,True
legit-batchpoll-5,legitimate,batched_polling_state_changes,dev,14,14,True,2,True,2,True,7,True,7,False,,False,,True,7,False,,True,False
flood-rot35-1g-6,flood,rotating35_one_gen,dev,4120,1,True,36,False,,False,,True,104,True,95,False,,True,95,True,95,True,False
flood-rot35-mg-6,flood,rotating35_multi_gen,dev,400,1,False,,False,,False,,True,104,True,95,False,,True,95,True,95,False,True
flood-startdone-6,flood,start_done_alternation,dev,300,1,True,71,False,,False,,True,209,False,,False,,True,209,True,209,True,False
flood-abc-1g-6,flood,abc_cycle_one_gen,dev,60,1,True,4,False,,True,21,True,8,False,,False,,True,8,True,8,True,False
flood-abc-mg-6,flood,abc_cycle_multi_gen,dev,36,1,False,,False,,True,21,True,8,False,,True,8,True,8,True,8,False,True
flood-neardup-6,flood,near_dup_counter,dev,60,1,False,,False,,True,7,True,7,False,,False,,True,7,True,7,False,True
flood-xturn-6,flood,cross_turn_identical_batches,dev,72,1,False,,False,,False,,True,35,False,,True,35,True,35,True,35,False,True
flood-cancelretry-6,flood,cancel_retry_2509,dev,170,1,False,,False,,False,,True,50,True,95,True,50,True,50,True,50,False,True
legit-pagination-6,legitimate,pagination_cursor,dev,39,1,False,,False,,False,,False,,False,,False,,False,,False,,False,False
legit-retries-6,legitimate,retries_changing_args,dev,10,1,False,,False,,False,,False,,False,,False,,False,,False,,False,False
legit-fanout-6,legitimate,parallel_fanout,dev,38,1,False,,False,,False,,False,,False,,False,,False,,False,,False,False
legit-polling-6,legitimate,polling_state_changes,dev,9,9,False,,True,2,True,7,True,7,False,,False,,True,7,False,,True,False
legit-altrw-6,legitimate,alternating_read_write,dev,28,1,False,,False,,True,14,False,,False,,False,,True,14,False,,False,True
legit-identread-6,legitimate,identical_calls_state_changed,dev,24,1,False,,False,,True,14,False,,False,,False,,True,14,False,,False,True
legit-batchpoll-6,legitimate,batched_polling_state_changes,dev,16,16,True,2,True,2,True,7,True,7,False,,False,,True,7,False,,True,False
flood-rot35-1g-7,flood,rotating35_one_gen,dev,4120,1,True,36,False,,False,,True,104,True,95,False,,True,95,True,95,True,False
flood-rot35-mg-7,flood,rotating35_multi_gen,dev,400,1,False,,False,,False,,True,104,True,95,False,,True,95,True,95,False,True
flood-startdone-7,flood,start_done_alternation,dev,300,1,True,71,False,,False,,True,209,False,,False,,True,209,True,209,True,False
flood-abc-1g-7,flood,abc_cycle_one_gen,dev,60,1,True,4,False,,True,21,True,8,False,,False,,True,8,True,8,True,False
flood-abc-mg-7,flood,abc_cycle_multi_gen,dev,36,1,False,,False,,True,21,True,8,False,,True,8,True,8,True,8,False,True
flood-neardup-7,flood,near_dup_counter,dev,60,1,False,,False,,True,7,True,7,False,,False,,True,7,True,7,False,True
flood-xturn-7,flood,cross_turn_identical_batches,dev,72,1,False,,False,,False,,True,35,False,,True,35,True,35,True,35,False,True
flood-cancelretry-7,flood,cancel_retry_2509,dev,170,1,False,,False,,False,,True,50,True,95,True,50,True,50,True,50,False,True
legit-pagination-7,legitimate,pagination_cursor,dev,33,1,False,,False,,False,,False,,False,,False,,False,,False,,False,False
legit-retries-7,legitimate,retries_changing_args,dev,8,1,False,,False,,False,,False,,False,,False,,False,,False,,False,False
legit-fanout-7,legitimate,parallel_fanout,dev,30,1,False,,False,,False,,False,,False,,False,,False,,False,,False,False
legit-polling-7,legitimate,polling_state_changes,dev,13,13,False,,True,2,True,7,True,7,False,,False,,True,7,False,,True,False
legit-altrw-7,legitimate,alternating_read_write,dev,20,1,False,,False,,True,14,False,,False,,False,,True,14,False,,False,True
legit-identread-7,legitimate,identical_calls_state_changed,dev,20,1,False,,False,,True,14,False,,False,,False,,True,14,False,,False,True
legit-batchpoll-7,legitimate,batched_polling_state_changes,dev,12,12,True,2,True,2,True,7,True,7,False,,False,,True,7,False,,True,False
flood-rot35-1g-8,flood,rotating35_one_gen,dev,4120,1,True,36,False,,False,,True,104,True,95,False,,True,95,True,95,True,False
flood-rot35-mg-8,flood,rotating35_multi_gen,dev,400,1,False,,False,,False,,True,104,True,95,False,,True,95,True,95,False,True
flood-startdone-8,flood,start_done_alternation,dev,300,1,True,71,False,,False,,True,209,False,,False,,True,209,True,209,True,False
flood-abc-1g-8,flood,abc_cycle_one_gen,dev,60,1,True,4,False,,True,21,True,8,False,,False,,True,8,True,8,True,False
flood-abc-mg-8,flood,abc_cycle_multi_gen,dev,36,1,False,,False,,True,21,True,8,False,,True,8,True,8,True,8,False,True
flood-neardup-8,flood,near_dup_counter,dev,60,1,False,,False,,True,7,True,7,False,,False,,True,7,True,7,False,True
flood-xturn-8,flood,cross_turn_identical_batches,dev,72,1,False,,False,,False,,True,35,False,,True,35,True,35,True,35,False,True
flood-cancelretry-8,flood,cancel_retry_2509,dev,170,1,False,,False,,False,,True,50,True,95,True,50,True,50,True,50,False,True
legit-pagination-8,legitimate,pagination_cursor,dev,30,1,False,,False,,False,,False,,False,,False,,False,,False,,False,False
legit-retries-8,legitimate,retries_changing_args,dev,7,1,False,,False,,False,,False,,False,,False,,False,,False,,False,False
legit-fanout-8,legitimate,parallel_fanout,dev,27,1,False,,False,,False,,False,,False,,False,,False,,False,,False,False
legit-polling-8,legitimate,polling_state_changes,dev,11,11,False,,True,2,True,7,True,7,False,,False,,True,7,False,,True,False
legit-altrw-8,legitimate,alternating_read_write,dev,18,1,False,,False,,True,14,False,,False,,False,,True,14,False,,False,True
legit-identread-8,legitimate,identical_calls_state_changed,dev,18,1,False,,False,,True,14,False,,False,,False,,True,14,False,,False,True
legit-batchpoll-8,legitimate,batched_polling_state_changes,dev,11,11,True,2,True,2,True,7,True,7,False,,False,,True,7,False,,True,False
flood-rot35-1g-9,flood,rotating35_one_gen,dev,4120,1,True,36,False,,False,,True,104,True,95,False,,True,95,True,95,True,False
flood-rot35-mg-9,flood,rotating35_multi_gen,dev,400,1,False,,False,,False,,True,104,True,95,False,,True,95,True,95,False,True
flood-startdone-9,flood,start_done_alternation,dev,300,1,True,71,False,,False,,True,209,False,,False,,True,209,True,209,True,False
flood-abc-1g-9,flood,abc_cycle_one_gen,dev,60,1,True,4,False,,True,21,True,8,False,,False,,True,8,True,8,True,False
flood-abc-mg-9,flood,abc_cycle_multi_gen,dev,36,1,False,,False,,True,21,True,8,False,,True,8,True,8,True,8,False,True
flood-neardup-9,flood,near_dup_counter,dev,60,1,False,,False,,True,7,True,7,False,,False,,True,7,True,7,False,True
flood-xturn-9,flood,cross_turn_identical_batches,dev,72,1,False,,False,,False,,True,35,False,,True,35,True,35,True,35,False,True
flood-cancelretry-9,flood,cancel_retry_2509,dev,170,1,False,,False,,False,,True,50,True,95,True,50,True,50,True,50,False,True
legit-pagination-9,legitimate,pagination_cursor,dev,36,1,False,,False,,False,,False,,False,,False,,False,,False,,False,False
legit-retries-9,legitimate,retries_changing_args,dev,9,1,False,,False,,False,,False,,False,,False,,False,,False,,False,False
legit-fanout-9,legitimate,parallel_fanout,dev,34,1,False,,False,,False,,False,,False,,False,,False,,False,,False,False
legit-polling-9,legitimate,polling_state_changes,dev,15,15,False,,True,2,True,7,True,7,False,,False,,True,7,False,,True,False
legit-altrw-9,legitimate,alternating_read_write,dev,22,1,False,,False,,True,14,False,,False,,False,,True,14,False,,False,True
legit-identread-9,legitimate,identical_calls_state_changed,dev,22,1,False,,False,,True,14,False,,False,,False,,True,14,False,,False,True
legit-batchpoll-9,legitimate,batched_polling_state_changes,dev,13,13,True,2,True,2,True,7,True,7,False,,False,,True,7,False,,True,False
flood-rot35-1g-100,flood,rotating35_one_gen,test,4120,1,True,36,False,,False,,True,104,True,95,False,,True,95,True,95,True,False
flood-rot35-mg-100,flood,rotating35_multi_gen,test,400,1,False,,False,,False,,True,104,True,95,False,,True,95,True,95,False,True
flood-startdone-100,flood,start_done_alternation,test,300,1,True,71,False,,False,,True,209,False,,False,,True,209,True,209,True,False
flood-abc-1g-100,flood,abc_cycle_one_gen,test,60,1,True,4,False,,True,21,True,8,False,,False,,True,8,True,8,True,False
flood-abc-mg-100,flood,abc_cycle_multi_gen,test,36,1,False,,False,,True,21,True,8,False,,True,8,True,8,True,8,False,True
flood-neardup-100,flood,near_dup_counter,test,60,1,False,,False,,True,7,True,7,False,,False,,True,7,True,7,False,True
flood-xturn-100,flood,cross_turn_identical_batches,test,72,1,False,,False,,False,,True,35,False,,True,35,True,35,True,35,False,True
flood-cancelretry-100,flood,cancel_retry_2509,test,170,1,False,,False,,False,,True,50,True,95,True,50,True,50,True,50,False,True
legit-pagination-100,legitimate,pagination_cursor,test,28,1,False,,False,,False,,False,,False,,False,,False,,False,,False,False
legit-retries-100,legitimate,retries_changing_args,test,7,1,False,,False,,False,,False,,False,,False,,False,,False,,False,False
legit-fanout-100,legitimate,parallel_fanout,test,24,1,False,,False,,False,,False,,False,,False,,False,,False,,False,False
legit-polling-100,legitimate,polling_state_changes,test,10,10,False,,True,2,True,7,True,7,False,,False,,True,7,False,,True,False
legit-altrw-100,legitimate,alternating_read_write,test,18,1,False,,False,,True,14,False,,False,,False,,True,14,False,,False,True
legit-identread-100,legitimate,identical_calls_state_changed,test,18,1,False,,False,,True,14,False,,False,,False,,True,14,False,,False,True
legit-batchpoll-100,legitimate,batched_polling_state_changes,test,11,11,True,2,True,2,True,7,True,7,False,,False,,True,7,False,,True,False
flood-rot35-1g-101,flood,rotating35_one_gen,test,4120,1,True,36,False,,False,,True,104,True,95,False,,True,95,True,95,True,False
flood-rot35-mg-101,flood,rotating35_multi_gen,test,400,1,False,,False,,False,,True,104,True,95,False,,True,95,True,95,False,True
flood-startdone-101,flood,start_done_alternation,test,300,1,True,71,False,,False,,True,209,False,,False,,True,209,True,209,True,False
flood-abc-1g-101,flood,abc_cycle_one_gen,test,60,1,True,4,False,,True,21,True,8,False,,False,,True,8,True,8,True,False
flood-abc-mg-101,flood,abc_cycle_multi_gen,test,36,1,False,,False,,True,21,True,8,False,,True,8,True,8,True,8,False,True
flood-neardup-101,flood,near_dup_counter,test,60,1,False,,False,,True,7,True,7,False,,False,,True,7,True,7,False,True
flood-xturn-101,flood,cross_turn_identical_batches,test,72,1,False,,False,,False,,True,35,False,,True,35,True,35,True,35,False,True
flood-cancelretry-101,flood,cancel_retry_2509,test,170,1,False,,False,,False,,True,50,True,95,True,50,True,50,True,50,False,True
legit-pagination-101,legitimate,pagination_cursor,test,39,1,False,,False,,False,,False,,False,,False,,False,,False,,False,False
legit-retries-101,legitimate,retries_changing_args,test,10,1,False,,False,,False,,False,,False,,False,,False,,False,,False,False
legit-fanout-101,legitimate,parallel_fanout,test,38,1,False,,False,,False,,False,,False,,False,,False,,False,,False,False
legit-polling-101,legitimate,polling_state_changes,test,11,11,False,,True,2,True,7,True,7,False,,False,,True,7,False,,True,False
legit-altrw-101,legitimate,alternating_read_write,test,24,1,False,,False,,True,14,False,,False,,False,,True,14,False,,False,True
legit-identread-101,legitimate,identical_calls_state_changed,test,24,1,False,,False,,True,14,False,,False,,False,,True,14,False,,False,True
legit-batchpoll-101,legitimate,batched_polling_state_changes,test,14,14,True,2,True,2,True,7,True,7,False,,False,,True,7,False,,True,False
flood-rot35-1g-102,flood,rotating35_one_gen,test,4120,1,True,36,False,,False,,True,104,True,95,False,,True,95,True,95,True,False
flood-rot35-mg-102,flood,rotating35_multi_gen,test,400,1,False,,False,,False,,True,104,True,95,False,,True,95,True,95,False,True
flood-startdone-102,flood,start_done_alternation,test,300,1,True,71,False,,False,,True,209,False,,False,,True,209,True,209,True,False
flood-abc-1g-102,flood,abc_cycle_one_gen,test,60,1,True,4,False,,True,21,True,8,False,,False,,True,8,True,8,True,False
flood-abc-mg-102,flood,abc_cycle_multi_gen,test,36,1,False,,False,,True,21,True,8,False,,True,8,True,8,True,8,False,True
flood-neardup-102,flood,near_dup_counter,test,60,1,False,,False,,True,7,True,7,False,,False,,True,7,True,7,False,True
flood-xturn-102,flood,cross_turn_identical_batches,test,72,1,False,,False,,False,,True,35,False,,True,35,True,35,True,35,False,True
flood-cancelretry-102,flood,cancel_retry_2509,test,170,1,False,,False,,False,,True,50,True,95,True,50,True,50,True,50,False,True
legit-pagination-102,legitimate,pagination_cursor,test,28,1,False,,False,,False,,False,,False,,False,,False,,False,,False,False
legit-retries-102,legitimate,retries_changing_args,test,7,1,False,,False,,False,,False,,False,,False,,False,,False,,False,False
legit-fanout-102,legitimate,parallel_fanout,test,24,1,False,,False,,False,,False,,False,,False,,False,,False,,False,False
legit-polling-102,legitimate,polling_state_changes,test,10,10,False,,True,2,True,7,True,7,False,,False,,True,7,False,,True,False
legit-altrw-102,legitimate,alternating_read_write,test,18,1,False,,False,,True,14,False,,False,,False,,True,14,False,,False,True
legit-identread-102,legitimate,identical_calls_state_changed,test,18,1,False,,False,,True,14,False,,False,,False,,True,14,False,,False,True
legit-batchpoll-102,legitimate,batched_polling_state_changes,test,11,11,True,2,True,2,True,7,True,7,False,,False,,True,7,False,,True,False
flood-rot35-1g-103,flood,rotating35_one_gen,test,4120,1,True,36,False,,False,,True,104,True,95,False,,True,95,True,95,True,False
flood-rot35-mg-103,flood,rotating35_multi_gen,test,400,1,False,,False,,False,,True,104,True,95,False,,True,95,True,95,False,True
flood-startdone-103,flood,start_done_alternation,test,300,1,True,71,False,,False,,True,209,False,,False,,True,209,True,209,True,False
flood-abc-1g-103,flood,abc_cycle_one_gen,test,60,1,True,4,False,,True,21,True,8,False,,False,,True,8,True,8,True,False
flood-abc-mg-103,flood,abc_cycle_multi_gen,test,36,1,False,,False,,True,21,True,8,False,,True,8,True,8,True,8,False,True
flood-neardup-103,flood,near_dup_counter,test,60,1,False,,False,,True,7,True,7,False,,False,,True,7,True,7,False,True
flood-xturn-103,flood,cross_turn_identical_batches,test,72,1,False,,False,,False,,True,35,False,,True,35,True,35,True,35,False,True
flood-cancelretry-103,flood,cancel_retry_2509,test,170,1,False,,False,,False,,True,50,True,95,True,50,True,50,True,50,False,True
legit-pagination-103,legitimate,pagination_cursor,test,36,1,False,,False,,False,,False,,False,,False,,False,,False,,False,False
legit-retries-103,legitimate,retries_changing_args,test,9,1,False,,False,,False,,False,,False,,False,,False,,False,,False,False
legit-fanout-103,legitimate,parallel_fanout,test,34,1,False,,False,,False,,False,,False,,False,,False,,False,,False,False
legit-polling-103,legitimate,polling_state_changes,test,15,15,False,,True,2,True,7,True,7,False,,False,,True,7,False,,True,False
legit-altrw-103,legitimate,alternating_read_write,test,26,1,False,,False,,True,14,False,,False,,False,,True,14,False,,False,True
legit-identread-103,legitimate,identical_calls_state_changed,test,22,1,False,,False,,True,14,False,,False,,False,,True,14,False,,False,True
legit-batchpoll-103,legitimate,batched_polling_state_changes,test,15,15,True,2,True,2,True,7,True,7,False,,False,,True,7,False,,True,False
flood-rot35-1g-104,flood,rotating35_one_gen,test,4120,1,True,36,False,,False,,True,104,True,95,False,,True,95,True,95,True,False
flood-rot35-mg-104,flood,rotating35_multi_gen,test,400,1,False,,False,,False,,True,104,True,95,False,,True,95,True,95,False,True
flood-startdone-104,flood,start_done_alternation,test,300,1,True,71,False,,False,,True,209,False,,False,,True,209,True,209,True,False
flood-abc-1g-104,flood,abc_cycle_one_gen,test,60,1,True,4,False,,True,21,True,8,False,,False,,True,8,True,8,True,False
flood-abc-mg-104,flood,abc_cycle_multi_gen,test,36,1,False,,False,,True,21,True,8,False,,True,8,True,8,True,8,False,True
flood-neardup-104,flood,near_dup_counter,test,60,1,False,,False,,True,7,True,7,False,,False,,True,7,True,7,False,True
flood-xturn-104,flood,cross_turn_identical_batches,test,72,1,False,,False,,False,,True,35,False,,True,35,True,35,True,35,False,True
flood-cancelretry-104,flood,cancel_retry_2509,test,170,1,False,,False,,False,,True,50,True,95,True,50,True,50,True,50,False,True
legit-pagination-104,legitimate,pagination_cursor,test,25,1,False,,False,,False,,False,,False,,False,,False,,False,,False,False
legit-retries-104,legitimate,retries_changing_args,test,6,1,False,,False,,False,,False,,False,,False,,False,,False,,False,False
legit-fanout-104,legitimate,parallel_fanout,test,20,1,False,,False,,False,,False,,False,,False,,False,,False,,False,False
legit-polling-104,legitimate,polling_state_changes,test,8,8,False,,True,2,True,7,True,7,False,,False,,True,7,False,,True,False
legit-altrw-104,legitimate,alternating_read_write,test,16,1,False,,False,,True,14,False,,False,,False,,True,14,False,,False,True
legit-identread-104,legitimate,identical_calls_state_changed,test,16,1,False,,False,,True,14,False,,False,,False,,True,14,False,,False,True
legit-batchpoll-104,legitimate,batched_polling_state_changes,test,10,10,True,2,True,2,True,7,True,7,False,,False,,True,7,False,,True,False
flood-rot35-1g-105,flood,rotating35_one_gen,test,4120,1,True,36,False,,False,,True,104,True,95,False,,True,95,True,95,True,False
flood-rot35-mg-105,flood,rotating35_multi_gen,test,400,1,False,,False,,False,,True,104,True,95,False,,True,95,True,95,False,True
flood-startdone-105,flood,start_done_alternation,test,300,1,True,71,False,,False,,True,209,False,,False,,True,209,True,209,True,False
flood-abc-1g-105,flood,abc_cycle_one_gen,test,60,1,True,4,False,,True,21,True,8,False,,False,,True,8,True,8,True,False
flood-abc-mg-105,flood,abc_cycle_multi_gen,test,36,1,False,,False,,True,21,True,8,False,,True,8,True,8,True,8,False,True
flood-neardup-105,flood,near_dup_counter,test,60,1,False,,False,,True,7,True,7,False,,False,,True,7,True,7,False,True
flood-xturn-105,flood,cross_turn_identical_batches,test,72,1,False,,False,,False,,True,35,False,,True,35,True,35,True,35,False,True
flood-cancelretry-105,flood,cancel_retry_2509,test,170,1,False,,False,,False,,True,50,True,95,True,50,True,50,True,50,False,True
legit-pagination-105,legitimate,pagination_cursor,test,39,1,False,,False,,False,,False,,False,,False,,False,,False,,False,False
legit-retries-105,legitimate,retries_changing_args,test,10,1,False,,False,,False,,False,,False,,False,,False,,False,,False,False
legit-fanout-105,legitimate,parallel_fanout,test,38,1,False,,False,,False,,False,,False,,False,,False,,False,,False,False
legit-polling-105,legitimate,polling_state_changes,test,13,13,False,,True,2,True,7,True,7,False,,False,,True,7,False,,True,False
legit-altrw-105,legitimate,alternating_read_write,test,24,1,False,,False,,True,14,False,,False,,False,,True,14,False,,False,True
legit-identread-105,legitimate,identical_calls_state_changed,test,24,1,False,,False,,True,14,False,,False,,False,,True,14,False,,False,True
legit-batchpoll-105,legitimate,batched_polling_state_changes,test,14,14,True,2,True,2,True,7,True,7,False,,False,,True,7,False,,True,False
flood-rot35-1g-106,flood,rotating35_one_gen,test,4120,1,True,36,False,,False,,True,104,True,95,False,,True,95,True,95,True,False
flood-rot35-mg-106,flood,rotating35_multi_gen,test,400,1,False,,False,,False,,True,104,True,95,False,,True,95,True,95,False,True
flood-startdone-106,flood,start_done_alternation,test,300,1,True,71,False,,False,,True,209,False,,False,,True,209,True,209,True,False
flood-abc-1g-106,flood,abc_cycle_one_gen,test,60,1,True,4,False,,True,21,True,8,False,,False,,True,8,True,8,True,False
flood-abc-mg-106,flood,abc_cycle_multi_gen,test,36,1,False,,False,,True,21,True,8,False,,True,8,True,8,True,8,False,True
flood-neardup-106,flood,near_dup_counter,test,60,1,False,,False,,True,7,True,7,False,,False,,True,7,True,7,False,True
flood-xturn-106,flood,cross_turn_identical_batches,test,72,1,False,,False,,False,,True,35,False,,True,35,True,35,True,35,False,True
flood-cancelretry-106,flood,cancel_retry_2509,test,170,1,False,,False,,False,,True,50,True,95,True,50,True,50,True,50,False,True
legit-pagination-106,legitimate,pagination_cursor,test,37,1,False,,False,,False,,False,,False,,False,,False,,False,,False,False
legit-retries-106,legitimate,retries_changing_args,test,9,1,False,,False,,False,,False,,False,,False,,False,,False,,False,False
legit-fanout-106,legitimate,parallel_fanout,test,35,1,False,,False,,False,,False,,False,,False,,False,,False,,False,False
legit-polling-106,legitimate,polling_state_changes,test,15,15,False,,True,2,True,7,True,7,False,,False,,True,7,False,,True,False
legit-altrw-106,legitimate,alternating_read_write,test,26,1,False,,False,,True,14,False,,False,,False,,True,14,False,,False,True
legit-identread-106,legitimate,identical_calls_state_changed,test,22,1,False,,False,,True,14,False,,False,,False,,True,14,False,,False,True
legit-batchpoll-106,legitimate,batched_polling_state_changes,test,15,15,True,2,True,2,True,7,True,7,False,,False,,True,7,False,,True,False
flood-rot35-1g-107,flood,rotating35_one_gen,test,4120,1,True,36,False,,False,,True,104,True,95,False,,True,95,True,95,True,False
flood-rot35-mg-107,flood,rotating35_multi_gen,test,400,1,False,,False,,False,,True,104,True,95,False,,True,95,True,95,False,True
flood-startdone-107,flood,start_done_alternation,test,300,1,True,71,False,,False,,True,209,False,,False,,True,209,True,209,True,False
flood-abc-1g-107,flood,abc_cycle_one_gen,test,60,1,True,4,False,,True,21,True,8,False,,False,,True,8,True,8,True,False
flood-abc-mg-107,flood,abc_cycle_multi_gen,test,36,1,False,,False,,True,21,True,8,False,,True,8,True,8,True,8,False,True
flood-neardup-107,flood,near_dup_counter,test,60,1,False,,False,,True,7,True,7,False,,False,,True,7,True,7,False,True
flood-xturn-107,flood,cross_turn_identical_batches,test,72,1,False,,False,,False,,True,35,False,,True,35,True,35,True,35,False,True
flood-cancelretry-107,flood,cancel_retry_2509,test,170,1,False,,False,,False,,True,50,True,95,True,50,True,50,True,50,False,True
legit-pagination-107,legitimate,pagination_cursor,test,31,1,False,,False,,False,,False,,False,,False,,False,,False,,False,False
legit-retries-107,legitimate,retries_changing_args,test,7,1,False,,False,,False,,False,,False,,False,,False,,False,,False,False
legit-fanout-107,legitimate,parallel_fanout,test,27,1,False,,False,,False,,False,,False,,False,,False,,False,,False,False
legit-polling-107,legitimate,polling_state_changes,test,11,11,False,,True,2,True,7,True,7,False,,False,,True,7,False,,True,False
legit-altrw-107,legitimate,alternating_read_write,test,18,1,False,,False,,True,14,False,,False,,False,,True,14,False,,False,True
legit-identread-107,legitimate,identical_calls_state_changed,test,18,1,False,,False,,True,14,False,,False,,False,,True,14,False,,False,True
legit-batchpoll-107,legitimate,batched_polling_state_changes,test,11,11,True,2,True,2,True,7,True,7,False,,False,,True,7,False,,True,False
flood-rot35-1g-108,flood,rotating35_one_gen,test,4120,1,True,36,False,,False,,True,104,True,95,False,,True,95,True,95,True,False
flood-rot35-mg-108,flood,rotating35_multi_gen,test,400,1,False,,False,,False,,True,104,True,95,False,,True,95,True,95,False,True
flood-startdone-108,flood,start_done_alternation,test,300,1,True,71,False,,False,,True,209,False,,False,,True,209,True,209,True,False
flood-abc-1g-108,flood,abc_cycle_one_gen,test,60,1,True,4,False,,True,21,True,8,False,,False,,True,8,True,8,True,False
flood-abc-mg-108,flood,abc_cycle_multi_gen,test,36,1,False,,False,,True,21,True,8,False,,True,8,True,8,True,8,False,True
flood-neardup-108,flood,near_dup_counter,test,60,1,False,,False,,True,7,True,7,False,,False,,True,7,True,7,False,True
flood-xturn-108,flood,cross_turn_identical_batches,test,72,1,False,,False,,False,,True,35,False,,True,35,True,35,True,35,False,True
flood-cancelretry-108,flood,cancel_retry_2509,test,170,1,False,,False,,False,,True,50,True,95,True,50,True,50,True,50,False,True
legit-pagination-108,legitimate,pagination_cursor,test,28,1,False,,False,,False,,False,,False,,False,,False,,False,,False,False
legit-retries-108,legitimate,retries_changing_args,test,7,1,False,,False,,False,,False,,False,,False,,False,,False,,False,False
legit-fanout-108,legitimate,parallel_fanout,test,24,1,False,,False,,False,,False,,False,,False,,False,,False,,False,False
legit-polling-108,legitimate,polling_state_changes,test,10,10,False,,True,2,True,7,True,7,False,,False,,True,7,False,,True,False
legit-altrw-108,legitimate,alternating_read_write,test,18,1,False,,False,,True,14,False,,False,,False,,True,14,False,,False,True
legit-identread-108,legitimate,identical_calls_state_changed,test,18,1,False,,False,,True,14,False,,False,,False,,True,14,False,,False,True
legit-batchpoll-108,legitimate,batched_polling_state_changes,test,11,11,True,2,True,2,True,7,True,7,False,,False,,True,7,False,,True,False
flood-rot35-1g-109,flood,rotating35_one_gen,test,4120,1,True,36,False,,False,,True,104,True,95,False,,True,95,True,95,True,False
flood-rot35-mg-109,flood,rotating35_multi_gen,test,400,1,False,,False,,False,,True,104,True,95,False,,True,95,True,95,False,True
flood-startdone-109,flood,start_done_alternation,test,300,1,True,71,False,,False,,True,209,False,,False,,True,209,True,209,True,False
flood-abc-1g-109,flood,abc_cycle_one_gen,test,60,1,True,4,False,,True,21,True,8,False,,False,,True,8,True,8,True,False
flood-abc-mg-109,flood,abc_cycle_multi_gen,test,36,1,False,,False,,True,21,True,8,False,,True,8,True,8,True,8,False,True
flood-neardup-109,flood,near_dup_counter,test,60,1,False,,False,,True,7,True,7,False,,False,,True,7,True,7,False,True
flood-xturn-109,flood,cross_turn_identical_batches,test,72,1,False,,False,,False,,True,35,False,,True,35,True,35,True,35,False,True
flood-cancelretry-109,flood,cancel_retry_2509,test,170,1,False,,False,,False,,True,50,True,95,True,50,True,50,True,50,False,True
legit-pagination-109,legitimate,pagination_cursor,test,31,1,False,,False,,False,,False,,False,,False,,False,,False,,False,False
legit-retries-109,legitimate,retries_changing_args,test,8,1,False,,False,,False,,False,,False,,False,,False,,False,,False,False
legit-fanout-109,legitimate,parallel_fanout,test,28,1,False,,False,,False,,False,,False,,False,,False,,False,,False,False
legit-polling-109,legitimate,polling_state_changes,test,12,12,False,,True,2,True,7,True,7,False,,False,,True,7,False,,True,False
legit-altrw-109,legitimate,alternating_read_write,test,20,1,False,,False,,True,14,False,,False,,False,,True,14,False,,False,True
legit-identread-109,legitimate,identical_calls_state_changed,test,20,1,False,,False,,True,14,False,,False,,False,,True,14,False,,False,True
legit-batchpoll-109,legitimate,batched_polling_state_changes,test,12,12,True,2,True,2,True,7,True,7,False,,False,,True,7,False,,True,False
hw-legit-paginate,legitimate,hw_pagination,none,6,1,False,,False,,False,,False,,False,,False,,False,,False,,False,False
hw-legit-fanout25,legitimate,hw_fanout,none,26,1,False,,False,,False,,False,,False,,False,,False,,False,,False,False
hw-legit-backoff,legitimate,hw_retry,none,4,1,False,,False,,False,,False,,False,,False,,False,,False,,False,False
hw-legit-hard-poll-plateau,legitimate,hw_hard_poll_plateau,none,9,9,False,,True,2,True,7,True,7,False,,False,,True,7,True,7,True,False
hw-legit-rwt-cycle,legitimate,hw_read_edit_test,none,27,1,False,,False,,True,23,False,,False,,False,,True,23,False,,False,True
hw-legit-repeat-search,legitimate,hw_repeat_search,none,3,3,False,,True,2,False,,False,,False,,False,,False,,False,,True,False
